trait	n_blocks	bonferroni_p	nominal_blocks_p05	bonferroni_significant_blocks	min_p	best_chr	best_start	best_end	best_rho	best_corr	best_p
ADHD	2237	2.2351363433169423e-05	72	4	1.36018316691996e-07	1.0	43365565.0	44482312.0	-0.0004568120275448	-1.085459886186176	1.36018316691996e-07
Cannabis	2246	2.226179875333927e-05	49	0	8.556489959336345e-05	12.0	11687997.0	12530718.0	-0.0002608976734427	-0.7631122592586641	8.556489959336345e-05
Chronotype	2256	2.2163120567375888e-05	101	4	1.459021349660052e-09	22.0	45444397.0	45895495.0	0.0003562516285776	0.9492831069964572	1.459021349660052e-09
Income	2256	2.2163120567375888e-05	87	2	2.140610213555805e-09	6.0	125336799.0	128759251.0	-0.0008849205012373	-0.8203172232646655	2.140610213555805e-09
Insomnia	2255	2.2172949002217295e-05	74	1	5.1059166922394224e-08	8.0	95810772.0	96533604.0	-0.0002276419973024	-1.0542276252270757	5.1059166922394224e-08
